CREATE TABLE JURUSAN(
KODE_JURUSAN TEXT PRIMARY KEY,
NAMA_JURUSAN TEXT NOT NULL
);

INSERT INTO JURUSAN VALUES("001","TEKNIR NUKLIR");
INSERT INTO JURUSAN VALUES("002","TEKNIK GEODESI");
INSERT INTO JURUSAN VALUES("003","ARSITEKTUR");
INSERT INTO JURUSAN VALUES("004","TEKNIK PENERBANGAN");
INSERT INTO JURUSAN VALUES("005","TEKNIK KOMPUTER");

CREATE TABLE MAHASISWA(
NIM TEXT PRIMARY KEY,
NAMA TEXT NOT NULL,
ALAMAT TEXT NOT NULL,
KODE_JURUSAN TEXT NOT NULL,
UMUR INT NOT NULL
);

INSERT INTO MAHASISWA VALUES("1901","LIONEL MESSI","ARGENTINA","001",18);
INSERT INTO MAHASISWA VALUES("1902","CRISTIANO RONALDO","PORTUGAL","002",17);
INSERT INTO MAHASISWA VALUES("1903","KAREEM BENZEMA","FRANCE","003",21);
INSERT INTO MAHASISWA VALUES("1904","MESUT OZIL","GERMANY","004",19);
INSERT INTO MAHASISWA VALUES("1905","NEYMAR JUNIOR","BRAZIL","005",20);

CREATE TABLE DOSEN(
ID_DOSEN TEXT PRIMARY KEY,
NAMA TEXT NOT NULL
);

INSERT INTO DOSEN VALUES("801","PROF DR KHUSNI JAFAR M.ENG");
INSERT INTO DOSEN VALUES("804","PROF SURYA SETIAWAN Ph.D");
INSERT INTO DOSEN VALUES("802","PROF DR NURUL HIDAYAT M.ARCH");
INSERT INTO DOSEN VALUES("803","CAPT. HILMAWAN M.SC");
INSERT INTO DOSEN VALUES("805","PROF DR ZIDAN M.SC");


CREATE TABLE MATAKULIAH(
KODE_MATAKULIAH TEXT PRIMARY KEY,
NAMA_MATAKULIAH TEXT NOT NULL,
SKS TEXT NOT NULL
);

INSERT INTO MATAKULIAH VALUES("501","KALKULUS","3");
INSERT INTO MATAKULIAH VALUES("502","FISIKA DASAR","3");
INSERT INTO MATAKULIAH VALUES("503","KIMIA","4");
INSERT INTO MATAKULIAH VALUES("504","MEKANIKA","4");
INSERT INTO MATAKULIAH VALUES("505","ALJABAR LINIER");
INSERT INTO MATAKULIAH VALUES("506","TERMODINAMIKA","3");
INSERT INTO MATAKULIAH VALUES("507","RADIOLOGI","4");
INSERT INTO MATAKULIAH VALUES("508","DATA MINING","3");
INSERT INTO MATAKULIAH VALUES("509","ROBOTIKA","2");


CREATE TABLE KONTRAK(
ID_KONTRAK INTEGER PRIMARY KEY AUTOINCREMENT,
NIM TEXT NOT NULL,
ID_DOSEN TEXT NOT NULL,
ID_MATAKULIAH TEXT NOT NULL,
NILAI TEXT NOT NULL
);

INSERT INTO KONTRAK VALUES(NULL,"1901","801","501","A");
INSERT INTO KONTRAK VALUES(NULL,"1902","804","502","B");
INSERT INTO KONTRAK VALUES(NULL,"1903","802","503","B");
INSERT INTO KONTRAK VALUES(NULL,"1904","803","504","C");
INSERT INTO KONTRAK VALUES(NULL,"1905","805","505","D");
INSERT INTO KONTRAK VALUES(NULL,"1904","805","506","E");
INSERT INTO KONTRAK VALUES(NULL,"1902","801","507","C");
INSERT INTO KONTRAK VALUES(NULL,"1905","804","508","B");
INSERT INTO KONTRAK VALUES(NULL,"1905","804","509","B");


